,f1,f2,f3,f4,f5,f6,tar
0,0.3557098765432099,0.519828510182208,0.22919276892786827,0.25087914121784194,0.30745241423809017,0.02516294227188082,1
1,0.12451774691358028,0.296713111825652,0.09862180060855558,0.14464186563020545,0.47671792665878054,0.03635940409683427,1
2,0.4116512345679012,0.5139335476956056,0.3229819223196707,0.3076068850638534,0.3861705559737606,0.017527932960893857,1
3,0.4161844135802469,0.557341907824223,0.2712546984070163,0.28937627244123637,0.34186471663619755,0.05183891992551211,1
4,0.22723765432098766,0.28938906752411575,0.1281546447109361,0.24699241162317234,0.4096139369824713,0.044180633147113596,1
5,0.13599537037037038,0.3656663093962129,0.09951673527832469,0.11993337034980565,0.6479191310893646,0.030935754189944136,1
6,0.2631172839506173,0.4003215434083602,0.20735636298550209,0.22394965759763097,0.5429616087751371,0.039688081936685285,1
7,0.18537808641975306,0.3092175777063237,0.13459817433327367,0.19655746807329263,0.507473921927089,0.0008845437616387355,1
8,0.1701388888888889,0.3586995355484101,0.25675675675675674,0.15630205441421433,0.590601139907517,0.05668063314711359,1
9,0.10165895061728393,0.20650232225794926,0.25013424020046543,0.1694429020914307,0.1522744381116249,0.02728119180633147,1
10,0.22723765432098766,0.34994640943194,0.1550921782709862,0.21562095132333892,0.4147757823421874,0.007518621973929237,1
11,0.04899691358024693,0.43354769560557344,0.013424020046536603,0.0013881177123820133,0.5374771480804388,0.02690875232774674,1
12,0.21961805555555558,0.4735619864237228,0.23500984428136745,0.14417915972607812,0.5295193031508764,0.044436685288640594,1
13,0.2644675925925926,0.4824937477670597,0.17093252192589942,0.18267629094947252,0.43972470158081517,0.04213221601489758,1
14,0.3004436728395061,0.5491246873883531,0.2953284410238053,0.18267629094947252,0.5025271534573611,0.03917597765363128,1
15,0.17525077160493827,0.3410146480886031,0.19778056201897265,0.1703683138996854,0.5811377567480375,0.03836126629422719,1
16,0.3634259259259259,0.4807073954983923,0.36289600859137283,0.2785489542846567,0.45413485321002267,0.024301675977653633,1
17,0.049479166666666685,0.17309753483386925,0.16609987470914625,0.13659078289838977,0.6337240563501452,0.034171322160148974,1
18,0.12104552469135806,0.3570918185066095,0.15213889386074816,0.10993892282065519,0.5708140660286053,0.029073556797020485,1
19,0.15027006172839505,0.3358342265094677,0.14426346876678003,0.14908384230982785,0.5001613076674912,0.022858472998137803,1
20,0.17139274691358028,0.3703108252947481,0.21326293180597816,0.15148991301129,0.6923325088719219,0.04075884543761639,1
21,0.27748842592592593,0.493211861379064,0.25237157687488815,0.1896168795113826,0.5928594472523927,0.031401303538175045,1
22,0.3560956790123457,0.5530546623794212,0.35797386790764274,0.23403664630760687,0.39079470910850633,0.06247672253258845,1
23,0.18701774691358025,0.35048231511254024,0.14587435117236444,0.17675365537664262,0.5151091515216691,0.014129422718808194,1
24,0.09625771604938275,0.5235798499464095,0.13424020046536603,0.0,0.48929992472308853,0.018202979515828676,1
25,0.26977237654320985,0.5930689531975705,0.19088956506175048,0.13048306496390893,0.5524249919346167,0.029399441340782123,1
26,0.0,0.3092175777063237,0.0,0.018693318526744412,0.5927519088073987,0.002257914338919927,1
27,0.1681134259259259,0.4119328331546982,0.2953284410238053,0.12678141773089024,0.42144316593182063,0.04667132216014897,1
28,0.17746913580246912,0.5087531261164702,0.11446214426346876,0.0856005922635573,0.440800086030756,0.03191340782122905,1
29,0.3928433641975308,0.5616291532690247,0.31573295149454095,0.26485285952248755,0.46671685127433066,0.02106610800744879,1
30,0.23794367283950618,0.3921043229724902,0.2553248612851262,0.2040533037201555,0.45284439187009357,0.05104748603351955,1
31,0.19521604938271606,0.31493390496605933,0.162341149096116,0.20303535073107537,0.308527798688031,0.04061918063314711,1
32,0.1812307098765432,0.4285459092533048,0.12332199749418295,0.13066814732555987,0.5151091515216691,0.03871042830540038,1
33,0.1206597222222222,0.3490532332976063,0.23268301413996778,0.11391819359615028,0.5896332939025701,0.03202979515828678,1
34,0.3226273148148148,0.6886387995712755,0.29139072847682124,0.13168610031464004,0.5296268415958706,0.029166666666666667,1
35,0.05140817901234569,0.2568774562343694,0.0919992840522642,0.0952248750694059,0.4704806968491236,0.03596368715083798,1
36,0.05729166666666671,0.24187209717756342,0.1968856273492035,0.1085508051082732,0.6686740509732229,0.0406657355679702,1
37,0.09211033950617288,0.4642729546266524,0.059960622874530155,0.02674440125856008,0.7254543499300999,0.025139664804469275,1
38,0.2863618827160494,0.632368703108253,0.3015034902452121,0.12613362946511197,0.5724271427035166,0.03228584729981378,1
39,0.2533757716049383,0.4565916398713827,0.19572221227850364,0.18545252637423654,0.49983869233250894,0.02967877094972067,1
40,0.0900848765432099,0.3260092890317971,0.014229461249328798,0.09642791042013696,0.39638670824819877,0.017690875232774673,1
41,0.19569830246913578,0.2670596641657735,0.13459817433327367,0.22839163427725337,0.4882245402731477,0.03051675977653631,1
42,0.2671682098765432,0.4605216148624509,0.16806873098263828,0.19665000925411807,0.5547908377244866,0.038151769087523275,1
43,0.38715277777777785,0.5873526259378349,0.29980311437265084,0.24606699981491767,0.5499516076997527,0.02388268156424581,1
44,0.2881944444444445,0.40818149339049664,0.4320744585645248,0.24393855265593187,0.47252392730401116,0.02032122905027933,1
45,0.2388117283950617,0.5282243658449447,0.2953284410238053,0.13446233573940403,0.5090869986020002,0.019855679702048417,1
46,0.21392746913580246,0.5141121829224724,0.19849650975478791,0.11780492319081994,0.5086568448220239,0.04082867783985102,1
47,0.14660493827160495,0.41318327974276525,0.14954358331841777,0.10558948732185824,0.4644585439294548,0.015270018621973929,1
48,0.13898533950617287,0.43819221150410864,0.17898693395382137,0.08523042754025541,0.5481234541348532,0.02216014897579143,1
49,0.1506558641975309,0.4367631296891747,0.05396456058707716,0.09716823986674071,0.5191956124314443,0.030540037243947857,1
50,0.2810570987654321,0.48213647731332626,0.17898693395382137,0.19877845641310388,0.49252607807291104,0.0340316573556797,1
51,0.4656635802469136,0.8594140764558771,0.12260604975836764,0.1805478437904868,0.4072480911926014,0.037383612662942274,1
52,0.2320601851851852,0.6486245087531262,0.19778056201897265,0.06551915602443087,0.625981288310571,0.03910614525139665,1
53,0.038580246913580245,0.32993926402286533,0.17898693395382137,0.04497501388117713,0.4581137756748039,0.05242085661080075,1
54,0.14486882716049385,0.42640228653090395,0.1742437802040451,0.09698315750508979,0.4979030003226153,0.003468342644320298,1
55,0.20746527777777773,0.3542336548767417,0.20297118310363343,0.19442902091430692,0.30293579954833855,0.04033985102420856,1
56,0.16589506172839508,0.25044658806716685,0.12591730803651335,0.208310198038127,0.45918916012474464,0.0391294227188082,1
57,0.19974922839506173,0.3912111468381565,0.21478432074458564,0.1677771608365723,0.49650500053769225,0.029608938547486034,1
58,0.16444830246913583,0.46820292961772064,0.18793628065151244,0.09411438089950028,0.5889880632326057,0.01894785847299814,1
59,0.21180555555555555,0.3837084673097535,0.19294791480221946,0.1833240792152508,0.580492526078073,0.04425046554934823,1
60,0.46518132716049376,0.6895319757056091,0.5796491856094504,0.26790671848972797,0.7901924938165396,0.15640130353817502,2
61,0.6127507716049383,0.7011432654519472,0.6186683372113836,0.403572089579863,0.6439402086245835,0.23996741154562384,2
62,0.17727623456790126,0.2854590925330475,0.3400751745122606,0.20109198593374056,0.695020969996774,0.09350558659217877,2
63,0.49710648148148145,0.4989281886387996,0.4513155539645607,0.39737183046455676,0.481127002903538,0.08843109869646182,2
64,0.4822530864197531,0.508931761343337,0.617146948272776,0.3779381824912086,0.57909452629315,0.050023277467411545,2
65,0.5572916666666667,0.8545909253304752,0.4295686414891713,0.27096057745696833,0.48317023335842574,0.08763966480446926,2
66,0.5048225308641975,0.5132190067881387,0.41166994809378915,0.39737183046455676,0.5210237659963437,0.08947858472998137,2
67,0.4774305555555556,0.46248660235798505,0.44880973688920717,0.39737183046455676,0.27766426497472857,0.18763966480446925,2
68,0.4429976851851852,0.45551982851018225,0.33112582781456956,0.3679437349620582,0.4745671577588988,0.028095903165735566,2
69,0.31298225308641975,0.11236155769917829,0.3356005011634151,0.4209698315750509,0.343692870201097,0.09106145251396647,2
70,0.4476273148148148,0.4276527331189711,0.3400751745122606,0.3869146770312789,0.5281213033659533,0.10048882681564246,2
71,0.5859375,0.7052518756698821,0.3023984249149812,0.37571719415139737,0.6989998924615553,0.26252327746741155,2
72,0.5673225308641975,0.7068595927116827,0.4193663862538035,0.357023875624653,0.5976986772771266,0.19876629422718808,2
73,0.283179012345679,0.47606287959985716,0.26848040093073205,0.2040533037201555,0.565329605333907,0.10616852886405959,2
74,0.44434799382716045,0.5292961772061451,0.6890996957222123,0.3310198038126967,0.7276051188299819,0.1579608938547486,2
75,0.42505787037037035,0.8283315469810647,0.4843386432790407,0.15759763094577087,0.8436391009786,0.3641527001862197,2
76,0.5844907407407407,0.7608074312254376,0.4941829246465008,0.34554876920229505,0.745564039143994,0.2837988826815642,2
77,0.31471836419753085,0.2540192926045016,0.35206729908716666,0.34934295761613915,0.3056242606731907,0.14581005586592177,2
78,0.3979552469135802,0.4285459092533048,0.41292285663146594,0.33870072182121047,0.4413377782557265,0.10293296089385474,2
79,0.2082368827160494,0.3329760628795999,0.2237336674422767,0.20627429205996667,0.510054844606947,0.07621042830540037,2
80,0.4915123456790123,0.6613076098606645,0.49650975478790055,0.3078845086063298,0.4524142380901173,0.1904562383612663,2
81,0.4616126543209877,0.4942836727402644,0.3882226597458386,0.3656302054414215,0.5390902247553501,0.19930167597765364,2
82,0.6025270061728395,0.6366559485530547,0.3003400751745123,0.4271700906903572,0.5557586837294334,0.14634543761638735,2
83,0.5299961419753085,0.5598428010003573,0.5717737605154825,0.39737183046455676,0.8792343262716422,0.17753724394785844,2
84,0.48398919753086417,0.8744194355126831,0.3866117773402542,0.19026466777716086,0.5827508334229488,0.14243482309124766,2
85,0.18605324074074073,0.29403358342265096,0.27742974762842315,0.2051637978900611,1.0,0.07304469273743017,2
86,0.32445987654320985,0.43640585923544123,0.40459996420261324,0.26411253007588376,0.5295193031508764,0.07723463687150837,2
87,0.18094135802469133,0.2995712754555198,0.27411848935027744,0.19739033870072187,0.6452306699645125,0.11270949720670391,2
88,0.29378858024691357,0.41711325473383354,0.2505817075353499,0.24467888210253566,0.6152274438111626,0.08165735567970205,2
89,0.43441358024691357,0.5439442658092176,0.2657955969214248,0.3138996853599852,0.5353263791805571,0.08924581005586593,2
90,0.5353973765432098,0.6305823508395856,0.39582960443887594,0.36590782898389784,0.4805893106785676,0.09699720670391061,2
91,0.4320987654320988,0.47713469096105754,0.43726507964918565,0.3462890986488988,0.4957522314227337,0.10144320297951584,2
92,0.5709876543209875,0.39996427295462667,0.516108824055844,0.5195261891541737,0.58436391009786,0.2027001862197393,2
93,0.3081597222222222,0.38210075026795287,0.5875246107034188,0.27660558948732183,0.4678997741692656,0.14269087523277468,2
94,0.6560570987654322,0.3917470525187567,0.4806694111329873,0.6054044049602073,0.4818797720184967,0.14972067039106143,2
95,0.3025655864197531,0.7181136120042872,0.3303203866117773,0.09726078104756616,0.7624475750080654,0.3719972067039106,2
96,0.6800733024691357,0.46463022508038593,0.6820297118310363,0.590690357208958,0.544036993225078,0.17490689013035382,2
97,0.46846064814814814,0.46998928188638806,0.6151780919992841,0.3848787710531187,0.42241101193676744,0.10328212290502793,2
98,0.4968171296296296,0.5176848874598071,0.7149633076785396,0.3872848417545808,0.5697386815786645,0.1682262569832402,2
99,0.3122106481481482,0.3656663093962129,0.24583855378557365,0.2890061077179345,0.48854715560813,0.09648510242085662,2
100,0.5636574074074074,0.6593426223651304,0.4607123679971363,0.37803072367203405,0.40789332186256594,0.08421787709497207,2
101,0.5188078703703703,0.45230439442658094,0.44129228566314666,0.4422543031649084,0.48080438756855587,0.1154562383612663,2
102,0.4267939814814815,0.35762772418720973,0.4224091641310185,0.40310938367573573,0.3469190235509195,0.08519553072625698,2
103,0.22791280864197533,0.23258306538049303,0.3490245212099517,0.2771608365722747,0.43854177868588023,0.08472998137802606,2
104,0.4944058641975308,0.6421936405859235,0.4405763379273313,0.32056265037941883,0.5201634584363911,0.24352886405959032,2
105,0.3748070987654321,0.6100392997499107,0.330678360479685,0.22246899870442347,0.5000537692224971,0.042085661080074485,2
106,0.3748070987654321,0.2927831368345838,0.3914444245570074,0.3869146770312789,0.26518980535541453,0.14143389199255121,2
107,0.5042438271604939,0.714183637013219,0.5573653123321998,0.2927077549509532,0.7363157328745028,0.20535381750465548,2
108,0.3570601851851852,0.2300821722043587,0.4385179881868624,0.4022765130483065,0.43617593289601037,0.12493016759776536,2
109,0.4095293209876543,0.38638799571275456,0.4386074816538393,0.3716453821950768,0.5737176040434456,0.11769087523277467,2
110,0.36410108024691357,0.3619149696320115,0.4306425630928942,0.3407366277993707,0.4737068501989461,0.12216014897579143,2
111,0.5676118827160493,0.645944980350125,0.6206371934848756,0.3888580418286138,0.6111409829013873,0.19175977653631282,2
112,0.15306712962962965,0.0,0.48236978700554867,0.32583749768647047,0.44639208517044854,0.08938547486033518,2
113,0.4206211419753087,0.4614147909967846,0.3087524610703419,0.34342032204330925,0.2840090332293795,0.1448556797020484,2
114,0.5289351851851851,0.7750982493747768,0.6529443350635403,0.284749213399963,0.7636304979030004,0.22562849162011173,2
115,1.0,0.2670596641657735,0.307678539466619,1.0,0.40445209162275514,1.0,2
116,0.4275655864197531,0.3401214719542694,0.4333273671022016,0.41291874884323526,0.4743520808689107,0.15819366852886405,2
117,0.5776427469135803,0.8092175777063236,0.3031143726507965,0.3138996853599852,0.5593074524142382,0.17004189944134077,2
118,0.3799189814814815,0.5485887817077528,0.28441023805262217,0.25920784749213405,0.7136251209807507,0.06387337057728118,2
119,0.33371913580246915,0.39835655591282604,0.26132092357257924,0.2927077549509532,0.4620926981395849,0.09951117318435754,2
120,0.2757523148148148,0.3331546981064666,0.24163236083765885,0.27096057745696833,0.5114528443918701,0.11973929236499069,2
121,0.5568094135802468,0.5292961772061451,0.6545552174691248,0.43892282065519156,0.586837294332724,0.213268156424581,2
122,0.5200617283950616,0.9757056091461236,0.343654913191337,0.17249676105867112,0.4369287020109689,0.18340316573556797,2
123,0.38117283950617287,0.30528760271525546,0.3802577411848935,0.3863594299463261,0.4202602430368857,0.15128026070763498,2
124,0.46846064814814814,0.3728117184708825,0.16556291390728478,0.43522117342217287,0.39896763092805687,0.11191806331471137,2
125,0.21132330246913583,0.21864951768488747,0.38535886880257747,0.26836942439385525,0.27271749650500055,0.1021880819366853,2
126,0.42949459876543217,0.5046445158985352,0.4043314838016825,0.3294466037386637,0.35412409936552325,0.09047951582867783,2
127,0.523533950617284,0.4206859592711683,0.4701986754966888,0.4632611512122895,0.4985482309925799,0.16024208566108009,2
128,0.6207561728395062,0.6220078599499822,0.49946303919813856,0.4522487506940589,0.3313259490267771,0.1626629422718808,2
129,0.4927662037037036,0.4160414433726331,0.32020762484338644,0.43614658523042754,0.4367136251209808,0.1183659217877095,2
130,0.23070987654320987,0.2799214005001786,0.16260962949704674,0.25522857671663896,0.318636412517475,0.08805865921787709,2
131,0.42081404320987653,0.3631654162200786,0.393771254698407,0.3945030538589673,0.5253253037961072,0.06743482309124767,2
132,0.41936728395061723,0.4942836727402644,0.3469661714694828,0.3250971682398668,0.502419615012367,0.15335195530726256,2
133,0.5362654320987654,0.4764201500535906,0.5061750492214069,0.4466037386637054,0.5307022260458115,0.1549581005586592,2
134,0.25125385802469136,0.4244372990353698,0.5735636298550206,0.20007403294466042,0.7193246585654371,0.15363128491620112,2
135,0.49160879629629634,0.6591639871382636,0.568104528369429,0.30908754395706095,0.43585331756102813,0.2168296089385475,2
136,0.5967399691358024,0.8286888174347982,0.6064972257025237,0.3221358504534518,0.5002688461124852,0.15789106145251394,2
137,0.5521797839506173,0.729903536977492,0.5765169142652586,0.33055709790856935,0.4343477793311109,0.1413640595903166,2
138,0.4427083333333333,0.5582350839585567,0.5894934669769107,0.31445493244493805,0.39886009248306276,0.1570996275605214,2
139,0.5685763888888888,0.49339049660593076,0.6956327188115268,0.46881362206181754,0.4191848585869449,0.11426908752327747,2
140,0.41869212962962965,0.3921043229724902,0.5408985144084482,0.37747547658708125,0.3762770190343047,0.09487895716945996,2
141,0.6110146604938271,0.9905323329760629,0.519062108466082,0.2519896353877476,0.6941606624368212,0.3012337057728119,2
142,0.570408950617284,0.4435512683101108,0.7762663325577233,0.49639089394780683,0.4363910097859985,0.16280260707635008,2
143,0.33256172839506176,0.48499464094319406,0.4522999821013067,0.24671478808069594,0.5070437681471127,0.26983240223463684,2
144,0.32687114197530864,0.37263308324401573,0.39412922856631466,0.2994632611512123,0.37692224970426924,0.0965316573556797,2
145,0.5737847222222222,0.8795998570918184,0.5794701986754968,0.2737368128817324,0.3770297881492634,0.12558193668528864,2
146,0.5732060185185185,0.6611289746337978,0.5748165383926974,0.3863594299463261,0.4816646951285085,0.1849162011173184,2
147,0.2790316358024691,0.04983922829581994,0.3758725613030249,0.42078474921340003,0.42843316485643623,0.0996973929236499,2
148,0.38204089506172845,0.29260450160771706,0.3295149454089852,0.39376272441236354,0.368964404774707,0.1172486033519553,2
149,0.5121527777777778,0.5446588067166847,0.23984249149812062,0.3880251712011845,0.30691472201311976,0.11119646182495345,2
150,0.5300925925925926,0.4866023579849947,0.417844997315196,0.43540625578382386,0.2574470373158404,0.12004189944134078,2
151,0.21103395061728397,0.18792425866380852,0.39681403257562203,0.28400888395335927,0.5943649854823099,0.10721601489757915,2
152,0.35927854938271603,0.3692390139335477,0.3055306962591731,0.33240792152507864,0.44994085385525334,0.09972067039106146,2
153,0.3003472222222222,0.38763844230082173,0.4474673348845534,0.26624097723486956,0.5017743843424024,0.09636871508379888,2
154,0.1450617283950617,0.22043586995355485,0.2583676391623411,0.20377568017767908,0.35778040649532206,0.09013035381750464,2
155,0.39207175925925924,0.3769203286888175,0.5197780562018973,0.359800111049417,0.13313259490267768,0.12278864059590316,2
156,0.5143711419753086,0.5944980350125045,0.5069804904241991,0.3643346289098649,0.5216689966663083,0.16936685288640596,2
157,0.17428626543209877,0.14397999285459095,0.28736352246286023,0.2715158245419212,0.41456070545219914,0.12539571694599627,2
158,0.29793595679012347,0.1232583065380493,0.31501700375872566,0.40088839533592446,0.35455425314549954,0.14718342644320298,2
159,0.3676697530864197,0.34047874240800285,0.4895292643637015,0.3553581343697946,0.27067426605011297,0.11748137802607075,2
160,0.6354166666666666,0.7491961414790996,0.5675675675675677,0.4003331482509717,0.49080546295300576,0.16089385474860335,2
161,0.396508487654321,0.2454448017148982,0.33739037050295334,0.43216731445493245,0.2980965695236047,0.12383612662942271,2
162,0.8872492283950617,0.8038585209003216,0.32969393234293903,0.6138256524153248,0.1176470588235294,0.19809124767225328,2
163,0.8658371913580247,0.787245444801715,0.5620189726149991,0.6018878400888394,0.3722980965695237,0.21475791433891991,2
164,0.26803626543209874,0.28331546981064665,0.2604259889028101,0.28937627244123637,0.5841488332078719,0.08412476722532589,2
165,0.5550733024691358,0.4790996784565917,0.5647932700912833,0.4632611512122895,0.5957629852672331,0.18701117318435753,2
166,0.2974537037037037,0.23972847445516257,0.38491140146769287,0.3400888395335924,0.42907839552640076,0.11142923649906891,2
167,0.44550540123456794,0.4103251161128975,0.4105065330230893,0.39376272441236354,0.0,0.05384078212290503,2
168,0.6677276234567899,0.5603787066809576,0.7263289779846072,0.5292430131408478,0.20679642972362625,0.15996275605214152,2
169,0.17457561728395063,0.13665594855305468,0.21478432074458564,0.2755876364982417,0.30315087643832667,0.08140130353817504,2
170,0.3728780864197531,0.3879957127545552,0.4012887059244676,0.33564686285397005,0.4473599311753953,0.07558193668528863,2
171,0.503954475308642,0.3678099321186138,0.5878825845713262,0.47186748102905796,0.37262071190450596,0.05458566108007449,2
172,0.2943672839506173,0.35744908896034305,0.26642205119026313,0.27614288358319455,0.2538982686310356,0.07488361266294227,2
173,0.2380401234567901,0.2788495891389782,0.3785573653123322,0.26272441236350175,0.09592429293472418,0.07937616387337057,2
174,0.34008487654320985,0.5703822793854948,0.22462860211204586,0.209698315750509,0.3583180987202926,0.0765828677839851,2
175,0.2933063271604938,0.27706323687031087,0.34526579559692144,0.31676846196557473,0.3086353371330251,0.1437616387337058,2
176,0.3942901234567901,0.3542336548767417,0.4667084302845893,0.3736812881732371,0.32949779546187763,0.10486499068901305,2
177,0.527295524691358,0.46070025008931764,0.42634687667800253,0.446141032759578,0.2085170448435316,0.12856145251396647,2
178,0.5256558641975309,0.5875312611647017,0.4197243601217111,0.3788635942994633,0.5379073018604151,0.14788175046554936,2
179,0.41059027777777773,1.0,0.4838016824771792,0.05478437904867666,0.5908162167975051,0.15304934823091246,2
180,0.11332947530864197,0.19703465523401217,0.09584750313227136,0.18554506755506203,0.9438649317130874,0.1039804469273743,2
181,0.37104552469135804,0.3890675241157557,0.479953463397172,0.3334258745141588,0.21744273577804066,0.0986731843575419,2
182,0.47540509259259256,0.6804215791354055,0.6765706103454447,0.2825282250601518,0.39520378535326384,0.15370111731843575,2
183,0.4325810185185185,0.787245444801715,0.6312869160551281,0.1861928558208403,0.5923217550274223,0.18349627560521414,2
184,0.5296103395061729,0.4885673454805288,0.6960801861464113,0.4339255968906163,0.5952252930422627,0.11461824953445066,2
185,0.6300154320987653,0.5548410146480887,0.6320028637909433,0.4959281880436794,0.5079040757070653,0.14823091247672252,2
186,0.5298032407407407,0.4967845659163988,0.5796491856094504,0.42994632611512124,0.21496935154317665,0.14017690875232774,2
187,0.3305362654320988,0.21114683815648447,0.4099695722212279,0.3866370534888025,0.41886224325196264,0.09620577281191806,2
188,0.5741705246913581,0.8074312254376563,0.6146411311974227,0.31149361465852304,0.5458651467899776,0.16997206703910614,2
189,0.5426311728395061,0.6400500178635227,0.5642563092894218,0.3679437349620582,0.5050005376922251,0.17185754189944133,2
190,0.16946373456790123,0.29224723115398354,0.3400751745122606,0.1900795854155099,0.1973330465641468,0.12090316573556797,2
191,0.58179012345679,0.8369060378706681,0.421872203329157,0.30353507310753286,0.29379503172384136,0.1555167597765363,2
192,0.46604938271604934,0.711504108610218,0.47377841417576516,0.2574495650564501,0.8214861813098183,0.31666666666666665,2
193,0.4253472222222222,0.3017148981779207,0.558170753534992,0.430686655561725,0.5286589955909238,0.10179236499068901,2
194,0.44839891975308643,0.4551625580564488,0.4832647216753177,0.3733111234499352,0.5041402301322723,0.08482309124767225,2
195,0.43489583333333326,0.21114683815648447,0.6443529622337569,0.4867666111419582,0.4368211635659749,0.114804469273743,2
196,0.36284722222222227,0.34494462307967133,0.4596384463934133,0.34832500462705906,0.2122808904183245,0.15609869646182495,2
197,0.3152006172839506,0.7883172561629153,1.0,0.07292245049046826,0.7049145069362297,0.2988128491620112,2
198,0.46971450617283944,0.36548767416934624,0.4357436907105781,0.4403109383675736,0.4853210022583073,0.1029562383612663,2
199,0.47405478395061723,0.414790996784566,0.4233040988007875,0.41884138441606517,0.5247876115711366,0.09925512104283053,2
200,0.35889274691358025,0.4746337977849232,0.4787900483264722,0.27734591893392563,0.6551242069039682,0.11317504655493482,2
201,0.3989197530864198,0.711504108610218,0.7363522462860211,0.19313344438275037,0.8121303365953328,0.2312849162011173,2
202,0.4837962962962963,0.8660235798499464,0.709504206192948,0.19442902091430692,0.6687815894182172,0.2613594040968343,2
203,0.45804398148148145,0.29046087888531624,0.4385179881868624,0.4677956690727374,0.3080976449080547,0.08854748603351954,2
204,0.29311342592592593,0.3738835298320829,0.27734025416144625,0.26642605959652044,0.3402516399612862,0.08573091247672253,2
205,0.5204475308641975,0.7232940335834226,0.6362985502058349,0.30353507310753286,0.5969459081621681,0.25919459962756053,2
206,0.6686921296296298,0.9485530546623794,0.4027206013960981,0.3290764390153619,0.2860522636842672,0.20563314711359404,2
207,0.4623842592592593,0.45319757056091464,0.555127975657777,0.38774754765870817,0.6272717496505,0.1965782122905028,2
208,0.5934606481481481,0.4808860307252591,0.7143368534097011,0.49916712937257085,0.5469405312399183,0.20435288640595903,2
209,0.2132523148148148,0.4103251161128975,0.19983891175944155,0.17092356098463815,0.26669534358533176,0.09171322160148974,2
210,0.11921296296296295,0.4199714183637014,0.18892070878825845,0.07560614473440681,0.6188837509409614,0.04434357541899441,0
211,0.27748842592592593,0.4558770989639157,0.3364954358331842,0.20895798630390527,0.5997419077320142,0.030400372439478584,0
212,0.17563657407407407,0.2768846016434441,0.29443350635403615,0.2040533037201555,0.635982363695021,0.037360335195530725,0
213,0.21383101851851852,0.4287245444801715,0.30427778772149633,0.16194706644456783,0.6334014410151628,0.023626629422718808,0
214,0.1885609567901235,0.30743122543765633,0.25577232862001076,0.20053673884878773,0.6463060544144533,0.017853817504655492,0
215,0.04427083333333333,0.35548410146480885,0.1959906926794344,0.037201554691837876,0.7778255726422196,0.02106610800744879,0
216,0.2388117283950617,0.23633440514469456,0.15124395919097905,0.2856746252082177,0.5169373050865685,0.023277467411545624,0
217,0.11554783950617287,0.2341907824222937,0.32620368713083947,0.16842494910235056,0.6670609742983118,0.04050279329608938,0
218,0.24565972222222218,0.40228653090389427,0.18793628065151244,0.20627429205996667,0.6378105172599203,0.028095903165735566,0
219,0.3680555555555556,0.5873526259378349,0.3307678539466619,0.2277438460114751,0.38821378642864834,0.033007448789571694,0
220,0.17689043209876545,0.5062522329403358,0.15634508680866296,0.08634092171016101,0.46994300462415317,0.025093109869646184,0
221,0.2777777777777778,0.22186495176848875,0.3490245212099517,0.33055709790856935,0.6117862135713518,0.024278398510242084,0
222,0.2888695987654321,0.35119685602000716,0.4352962233756936,0.27419951878585974,0.49628992364770413,0.09830074487895718,0
223,0.41714891975308643,0.45462665237584854,0.5545910148559156,0.34360540440496024,0.36025379073018604,0.024720670391061454,0
224,0.6141975308641975,0.5214362272240086,0.6851619831752283,0.4981491763834907,0.32713194967200776,0.03282122905027933,0
225,0.3238811728395061,0.25491246873883533,0.3699659924825488,0.3574865815287803,0.5924292934724165,0.03328677839851024,0
226,0.3646797839506173,0.4038942479456949,0.43959190979058527,0.3195446973903387,0.7772878804172494,0.0404096834264432,0
227,0.3413387345679012,0.4685602000714541,0.34804009307320566,0.2636498241717564,0.5227443811162491,0.03696461824953445,0
228,0.11477623456790122,0.2652733118971061,0.10954000357973867,0.15148991301129,0.5776965265082267,0.03479981378026071,0
229,0.1667631172839506,0.29742765273311894,0.19715410775013426,0.18480473810845832,0.7243789654801592,0.018505586592178772,0
230,0.3805941358024691,0.5303679885673456,0.43475926257383213,0.2692948362021099,0.5812452951930315,0.016247672253258846,0
231,0.2677469135802469,0.3481600571632726,0.2237336674422767,0.25541365907828983,0.5173674588665448,0.0375465549348231,0
232,0.16367669753086417,0.3638799571275456,0.23581528548415967,0.14741810105496947,0.6284546725454352,0.028002793296089387,0
233,0.14014274691358025,0.28045730618077885,0.152317880794702,0.1680547843790487,0.7424454242391656,0.019902234636871508,0
234,0.1116898148148148,0.2847445516255806,0.2505817075353499,0.13862668887655008,0.7060974298311647,0.057588454376163875,0
235,0.3643904320987654,0.4737406216505895,0.2342938965455522,0.2830834721451046,0.46230777502957304,0.0,0
236,0.34403935185185186,0.35994998213647733,0.4474673348845534,0.32250601517675365,0.5559737606194215,0.028770949720670392,0
237,0.3471257716049383,0.36638085030367995,0.393771254698407,0.3221358504534518,0.6796429723626197,0.037290502793296085,0
238,0.4132908950617284,0.3544122901036085,0.3720243422230177,0.39181935961502873,0.6079148295515647,0.05095437616387337,0
239,0.2922453703703704,0.4642729546266524,0.2647216753177018,0.21867481029057934,0.7431981933541242,0.021415270018621976,0
240,0.14949845679012344,0.27491961414791,0.19715410775013426,0.17990005552470853,0.49983869233250894,0.011662011173184359,0
241,0.24479166666666669,0.35852090032154343,0.18793628065151244,0.2280214695539515,0.6090977524464997,0.05817039106145252,0
242,0.12480709876543214,0.2159699892818864,0.11571505280114552,0.18674810290579308,0.6613614367136254,0.02397579143389199,0
243,0.08198302469135801,0.2511611289746338,0.259531054233041,0.12742920599666852,0.5797397569631143,0.016247672253258846,0
244,0.3557098765432099,0.6053947838513756,0.3365849293001611,0.2065519156024431,0.4777933111087215,0.0430633147113594,0
245,0.20891203703703706,0.3079671311182565,0.35797386790764274,0.21978530446048491,0.5947951392622863,0.024813780260707633,0
246,0.19762731481481483,0.4001429081814934,0.23268301413996778,0.16111419581713865,0.5301645338208409,0.046834264432029794,0
247,0.22839506172839505,0.4160414433726331,0.12529085376767496,0.18249120858782164,0.5523174534896226,0.030190875232774673,0
248,0.20418595679012347,0.27009646302250806,0.19294791480221946,0.2348695169350361,0.5430691472201312,0.029539106145251397,0
249,0.23726851851851852,0.47856377277599144,0.20583497404689458,0.15870812511567645,0.5619959135390903,0.03107541899441341,0
250,0.09654706790123455,0.1025366202215077,0.1756756756756757,0.2183971867481029,0.7082481987310464,0.020879888268156423,0
251,0.14081790123456792,0.1498749553411933,0.32217648111687847,0.23635017582824355,0.7438434240240887,0.027304469273743016,0
252,0.1617476851851852,0.012504465880671672,0.393771254698407,0.3275032389413289,0.554145607054522,0.017923649906890132,0
253,0.3630401234567901,0.49839228295819943,0.46536602827993556,0.26910975384045904,0.5319926873857405,0.05456238361266294,0
254,0.45148533950617276,0.46677384780278675,0.42070878825845714,0.37025726448269486,0.44252070115066144,0.027630353817504658,0
255,0.39920910493827166,0.3788853161843516,0.393771254698407,0.3656302054414215,0.5758683729433273,0.08619646182495344,0
256,0.27584876543209874,0.29117541979278316,0.30427778772149633,0.2927077549509532,0.5695236046886764,0.044925512104283055,0
257,0.2315779320987654,0.06395141121829225,0.2505817075353499,0.3679437349620582,0.6637272825034952,0.0064478584729981405,0
258,0.1369598765432099,0.2990353697749196,0.21451584034365492,0.15528410142513419,0.6229702118507366,0.02681564245810056,0
259,0.3614004629629629,0.41943551268310114,0.3163594057633793,0.3082546733296317,0.5055382299171954,0.02490689013035382,0
260,0.2699652777777778,0.3302965344765988,0.259531054233041,0.26688876550064783,0.5605979137541671,0.026094040968342645,0
261,0.4709683641975309,0.38352983208288677,0.3555575442992661,0.4319822320932815,0.3825142488439618,0.029445996275605214,0
262,0.1578896604938272,0.3738835298320829,0.10130660461786291,0.13668332407921527,0.6326486719002044,0.027513966480446926,0
263,0.07368827160493827,0.18274383708467312,0.10291748702344729,0.15491393670183234,0.6264114420905476,0.02160148975791434,0
264,0.2734375,0.2388352983208289,0.2953284410238053,0.3175087914121784,0.44854285407033023,0.01547951582867784,0
265,0.21238425925925927,0.28831725616291537,0.2300877035976374,0.23329631686100316,0.7048069684912357,0.038221601489757916,0
266,0.1950231481481481,0.2995712754555198,0.2568462502237337,0.21090135110124003,0.5502742230347349,0.024487895716945995,0
267,0.2576195987654321,0.28510182207931406,0.2952389475568284,0.27836387192300577,0.5700612969136467,0.030074487895716946,0
268,0.2989969135802469,0.4115755627009646,0.2580991587614105,0.25254488247270035,0.47026561995913546,0.03743016759776536,0
269,0.10599922839506173,0.41139692747409795,0.08949346697691068,0.0674625208217657,0.5907086783525112,0.042900372439478585,0
270,0.24266975308641978,0.2756341550553769,0.384821908000716,0.2690172126596335,0.6064092913216476,0.020763500931098695,0
271,0.1578896604938272,0.41246873883529833,0.2505817075353499,0.11660188784008883,0.5436068394451016,0.044087523277467414,0
272,0.12741126543209877,0.24222936763129688,0.20583497404689458,0.17564316120673704,0.5133885364017636,0.030167597765363128,0
273,0.09384645061728399,0.13683458377992141,0.2636477537139789,0.19803812696650014,0.6112485213463814,0.02195065176908752,0
274,0.16435185185185183,0.2952840300107181,0.13370323966350459,0.18369424393855266,0.5741477578234219,0.0297951582867784,0
275,0.39679783950617287,0.41568417291889964,0.33112582781456956,0.3442531926707385,0.7259920421550705,0.037290502793296085,0
276,0.24286265432098764,0.3604858878170775,0.17236441739752997,0.22506015176753655,0.6584578986987849,0.02991154562383613,0
277,0.38204089506172845,0.3529832082886746,0.26848040093073205,0.362576346474181,0.6378105172599203,0.021135940409683425,0
278,0.13753858024691354,0.0932475884244373,0.15195990692679434,0.26253933000185087,0.5297343800408647,0.01138268156424581,0
279,0.2184606481481481,0.4389067524115756,0.3400751745122606,0.16111419581713865,0.7427680395741478,0.05004655493482309,0
280,0.23090277777777782,0.3569131832797428,0.18310363343475927,0.2155284101425134,0.5274760726959888,0.032937616387337054,0
281,0.36757330246913583,0.37602715255448377,0.26758546626096297,0.3367573570238756,0.48725669426820095,0.03959497206703911,0
282,0.26552854938271603,0.35727045373347627,0.24682298192231966,0.24865815287803075,0.4713410044090762,0.03212290502793296,0
283,0.22038966049382716,0.35119685602000716,0.33891175944156077,0.208310198038127,0.605656522206689,0.027001862197392926,0
284,0.3184799382716049,0.3770989639156842,0.26132092357257924,0.2890061077179345,0.5480159156898592,0.03233240223463687,0
285,0.40171682098765427,0.4126473740621651,0.2618578843744407,0.3505459929668703,0.5334982256156576,0.03708100558659218,0
286,0.3431712962962963,0.4226509467667024,0.29443350635403615,0.28919119007958544,0.5467254543499301,0.032937616387337054,0
287,0.06645447530864197,0.11128974633797785,0.04537318775729372,0.18508236165093467,0.5410259167652436,0.04750931098696461,0
288,0.4670138888888888,0.3978206502322258,0.3993198496509755,0.42078474921340003,0.3800408646090978,0.027141527001862197,0
289,0.17631172839506173,0.3701321900678814,0.1632360837658851,0.15630205441421433,0.6628669749435424,0.017364990689013038,0
290,0.09905478395061731,0.364951768488746,0.05584392339359226,0.08486026281695354,0.6022152919668782,0.02616387337057728,0
291,0.24045138888888887,0.37084673097534837,0.196438160014319,0.21747177493984823,0.4916657705129584,0.04182960893854748,0
292,0.08304398148148147,0.1639871382636656,0.13871487381421158,0.17351471404775123,0.6136143671362513,0.02467411545623836,0
293,0.21942515432098764,0.2168631654162201,0.3713978879541794,0.2771608365722747,0.7208301967953545,0.07195065176908753,0
294,0.1937692901234568,0.296713111825652,0.20583497404689458,0.21099389228206555,0.6235079040757071,0.013873370577281193,0
295,0.19560185185185186,0.23526259378349412,0.30517272239126547,0.24467888210253566,0.6481342079793526,0.03144785847299814,0
296,0.13030478395061726,0.406573776348696,0.20288168963665654,0.09328151027207107,0.6650177438434239,0.014175977653631286,0
297,0.18740354938271603,0.45212575919971426,0.17692858421335247,0.12446788821025356,0.502419615012367,0.033030726256983244,0
298,0.3892746913580247,0.4903536977491962,0.15867191695006266,0.2983527669813067,0.6325411334552103,0.029283054003724395,0
299,0.5474537037037036,0.6509467667023937,0.3960085913728298,0.3668332407921525,0.4369287020109689,0.0398975791433892,0
300,0.23659336419753085,0.2324044301536263,0.18793628065151244,0.28548954284656675,0.5001613076674912,0.025256052141527,0
301,0.6062885802469136,0.5828867452661665,0.4923930553069626,0.45872663335184155,0.4452091622755136,0.03985102420856611,0
302,0.2744020061728395,0.5008931761343337,0.13746196527653481,0.18267629094947252,0.5189805355414562,0.02232309124767225,0
303,0.07937885802469138,0.15380493033226153,0.16457848577053877,0.1753655376642606,0.6260888267555653,0.017900372439478583,0
304,0.18258101851851852,0.3369060378706681,0.2736710220153929,0.1795298908014067,0.8367566404989784,0.004934823091247674,0
305,0.2097800925925926,0.3603072525902108,0.1968856273492035,0.19359615028687768,0.5094096139369826,0.01585195530726257,0
306,0.26803626543209874,0.4871382636655949,0.13620905673885805,0.18369424393855266,0.47628777287880425,0.024767225325884545,0
307,0.3404706790123457,0.5223294033583423,0.28790048326472173,0.2348695169350361,0.5978062157221208,0.0194366852886406,0
308,0.18422067901234568,0.2722400857449089,0.24682298192231966,0.21460299833425878,0.5212388428863319,0.026233705772811918,0
309,0.07417052469135807,0.20757413361914973,0.20261320923572582,0.1425134184712197,0.5793096031831381,0.02527932960893855,0
